{
  "江苏": [119.944105, 33.189648],
  "广东": [113.256328, 23.214228],
  "浙江": [120.349259, 29.301377],
  "山东": [117.782063, 36.328093],
  "河北": [115.169647, 38.239018],
  "上海": [121.48, 31.22],
  "河南": [113.661069, 33.6024],
  "辽宁": [123.04369, 41.609197],
  "四川": [103.432172, 30.850406],
  "湖北": [112.042107, 31.104043],
  "安徽": [117.19335, 31.640753],
  "福建": [117.782063, 25.472781],
  "陕西": [108.54662, 33.786946],
  "北京": [116.420663, 40.100613],
  "湖南": [111.858134, 28.048958],
  "山西": [112.410053, 37.480525],
  "重庆": [107.25881, 29.700681],
  "江西": [115.758361, 27.787476],
  "新疆": [87.536907, 43.886807],
  "广西": [109.135334, 23.587809],
  "黑龙江": [127.422247, 46.538956],
  "内蒙古": [111.34301, 41.636807],
  "天津": [117.414118, 39.161705],
  "云南": [102.585896, 24.601177],
  "贵州": [106.706891, 26.569897],
  "吉林": [126.318409, 43.459481],
  "甘肃": [104.05768, 35.940059],
  "宁夏": [106.154972, 37.685509],
  "海南": [109.98161, 19.561963],
  "青海": [97.213886, 35.940059],
  "西藏": [90.958805, 30.564253],
  "杭州": [120.210911, 30.251335],
  "嘉兴": [120.761824, 30.750726],
  "湖州": [120.093368, 30.897724],
  "温州": [120.703029, 28.00032],
  "舟山": [122.212982, 29.99016],
  "宁波": [121.627422, 29.865783],
  "金华": [119.654016, 29.084893],
  "丽水": [119.930721, 28.473024],
  "衢州": [118.867747, 28.974788],
  "绍兴": [120.583177, 30.03662],
  "台州": [121.426282, 28.661432]
}
